Product,price,sales,province
Lamoon Cold Brew Concentrate 200 ml. กาแฟสกัดเย็นดอยช้าง(ชนิดเข้มข้น),75,18000,จังหวัดเชียงใหม่
Ajinomoto อายิโนะโมะโต๊ะผงชูรส 500กรัม,57,23000,จังหวัดสมุทรปราการ
Birdy Robusta 180 ml. x 6 Cans Birdy เบอร์ดี้ โรบัสต้า กาแฟปรุงสำเร็จพร้อมดื่ม โรบัสต้า 180 มล. แพค 6 กระป๋อง,90,579000,จังหวัดสมุทรปราการ
Birdy Robusta Low Sugar 180 ml.  X 30 cans เบอร์ดี้ โรบัสต้า สูตรน้ำตาลน้อย 180 มล.  x 30 กระป๋อง,385,544,จังหวัดสมุทรปราการ
Starbucks/COSTA/GIMOKA/KIMBO กาแฟ สตาร์บัคส์ บดสำเร็จพร้อมชง ผงกาแฟ  เมล็ดกาแฟ 200g/200g/250g/200g,59,4000,จังหวัดเชียงใหม่
Turkish coffee กาแฟตุรกีและหม้อต้ม สินค้าจากตุรกี💥💥พร้อมส่ง💥💥,419,55,จังหวัดกรุงเทพมหานคร
พร้อมส่ง เมล็ดกาแฟดิบ Costa Rica Canet Mozart Raisin Honey process/ เมล็ดกาแฟนอก/ เมล็ดกาแฟสารคอสตาริกา,675,24,จังหวัดกรุงเทพมหานคร
illy Nespresso capsules พร้อมส่ง‼️,259,153,จังหวัดสงขลา
🚚🚚🚚พร้อมส่งกาแฟผสมโสมHOYA กาแฟผสมโสมCNI สินค้านำเข้า,129,57,จังหวัดสงขลา
กาแฟแคปซูล NESCAFE DOLCE GUSTO  ☕️สินค้านำเข้า..ของแท้ 💯 🚚พร้อมส่งทันที🌟,279,54,จังหวัดสงขลา
พร้อมส่ง🌟 แคปซูลกาแฟเนสเพสโซ่ NESCAFE Farmers Origins Nespresso Capsule,199,667,จังหวัดกรุงเทพมหานคร
พร้อมส่ง☕️ AGF BLENDY STICK [ แบ่งขาย ] CAFE AU LAIT กาแฟ กาแฟโอเล่ กาแฟครึ่งแคลอรี่ กาแฟความหวาน 0% จากญี่ปุ่น,55,21,จังหวัดกรุงเทพมหานคร
[พร้อมส่ง] กาแฟชะเหลียว 10 กล่อง 30 ซอง,280,80,จังหวัดเพชรบูรณ์
พร้อมส่ง เมล็ดกาแฟดิบ Yirgacheffe Worka G1 Anaerobic Natural 144hr process/ เมล็ดกาแฟนอก/ เมล็ดกาแฟสารเอธิโอเปีย,495,21,จังหวัดกรุงเทพมหานคร
ใหม่‼️ พร้อมส่ง ✅ เม็ดกาแฟบดสำเร็จStarbucks กาแฟสตาร์บัคส์บดสำเร็จพร้อมชง 200 กรัม,289,19000,จังหวัดสงขลา
☕️ Cocoa Nine & Coffee Nine☕️ ผลิตภัณฑ์เสริมอาหาร คอฟฟี่ไนน์ โกโก้ไนน์ กาแฟ & โกโก้ พร้อมดื่ม เครื่องดื่มคุมรูปร่าง,269,9,จังหวัดกรุงเทพมหานคร
☕☕ Nespresso Starbucks Capsule กาแฟแคปซูล สตาร์บัคส์ (10แคปซูล/กล่อง) พร้อมส่ง!!,195,52,จังหวัดปทุมธานี
พร้อมส่ง เมล็ดกาแฟดิบ Costa Rica Canet Mozart Musician Series Anaerobic honey process/ เมล็ดกาแฟนักดนตรี,760,42,จังหวัดกรุงเทพมหานคร
🇯🇵พร้อมส่ง🇯🇵 กาแฟ​ UCC THE BLEND​ สูตร​ 114 และ117 ชนิดถุงเติม 180 กรัม,339,15,จังหวัดปทุมธานี
กาแฟไอแอมของแท้พร้อมส่ง,199,2,จังหวัดนครราชสีมา
ยกลัง24ขวด บอส คอฟฟี่ กาแฟพร้อมดื่ม 230 มล. มี 3 สูตร Boss coffee Suntory Flash brew,510,50,จังหวัดสิงห์บุรี
กาแฟ AGF MAXIM แบบขวด 80 กรัม พร้อมส่ง 4 สี กาแฟ Maxim Coffee หมดอายุปี 2024,175,79000,จังหวัดสงขลา
🍁พร้อมส่ง🍁 แคปซูลกาแฟ เนสเพรสโซ่  Capsules Nespresso ของแท้ 💯Nespresso Capsules :World Explorations,285,336,จังหวัดระยอง
พร้อมส่ง เมล็ดกาแฟดิบ Panama Black Winey Natural process / เมล็ดกาแฟนอก/ เมล็ดกาแฟสารปานามา,495,11,จังหวัดกรุงเทพมหานคร
🔥พร้อมส่ง+ส่งฟรี กาแฟพี่ยักษ์ กาแฟพี่ยักษ์พลัส ของแท้ Peyuk Coffee Plus กาแฟสำเร็จรูป 29 in 1 กาแฟเพื่อสุขภาพ แก้ปวดเข่า,490,238,จังหวัดนครราชสีมา
พร้อมส่ง Nescafe Gold กาแฟสำเร็จรูปและกาแฟคั่วบด,269,12000,จังหวัดสงขลา
🇯🇵พร้อมส่ง🇯🇵maxim Luxury Classic Blend กาแฟแม็กซิม สีน้ำเงิน คาดแดง,222,28,จังหวัดปทุมธานี
พร้อมส่ง✔ กาแฟ starbucks พร้อมดื่ม หอมมัน อร่อย พรีเมี่ยมมากๆ พร้อมส่งจ้า 280ml 星巴克 星冰乐咖啡,90,16,จังหวัดสมุทรปราการ
🍁พร้อมส่ง🍁 แคปซูลกาแฟ เนสเพรสโซ่ Capsules Nespresso ของแท้ 💯,295,16000,จังหวัดระยอง
จัดส่งจากกรุงเทพโปรมาแล้ววว ❤️‍🔥 ซื้อ 2 แถม 1❤️‍🔥🌟พร้อมส่ง กาแฟ บอนอโรม่า BON-AROMA (100 กรัม) ทุกๆการสั่งซื้อ2 ชิ้น,194,0,จังหวัดกรุงเทพมหานคร
พร้อมส่ง เมล็ดกาแฟ Brazil Fazenda Rainha Yellow Bourbon Natural Process/เมล็ดกาแฟนอก/ สารกาแฟบราซิล,380,3,จังหวัดกรุงเทพมหานคร
พร้อมส่ง ☕ เนสกาแฟ กาแฟ โกลด์ กาแฟสำเร็จรูป ฟรีซดราย🥧สินค้านำเข้า 200 กรัม / Nescafe Gold Coffee Freeze Dry 200 g,200,898,จังหวัดกรุงเทพมหานคร
Starbucks Premium Mix Latte Japan🇯🇵สตาร์บัค เครื่องดื่มสำเร็จรูปพร้อมชง สตาร์บัคแท้💯📮,99,13000,จังหวัดสงขลา
ค่าส่งถูก เนสกาแฟ กาแฟพร้อมดื่ม เอสเปรสโซ โรสต์/ลาเต้ 180 มล. แพ็ค 30 กระป๋อง Nescafe สีเขียว และสีน้ำตาล,375,67,จังหวัดอุตรดิตถ์
(พร้อมส่ง)ถูก แท้100% กาแฟฟูโก้ (1ห่อ/20ซอง),99,12000,จังหวัดกรุงเทพมหานคร
🍁พร้อมส่ง🍁 แคปซูลกาแฟ เนสเพรสโซ่  Capsules Nespresso ของแท้ 💯Nespresso Limited & SEASONAL,305,29,จังหวัดระยอง
พร้อมส่ง เมล็ดกาแฟ Sidamo Keramo Ethiopia G1 Natural Process/เมล็ดกาแฟนอก/ สารกาแฟเอธิโอเปีย,415,13,จังหวัดกรุงเทพมหานคร
Blonde Espresso Roast - กาแฟแคปซูล สตาร์บัคส์ Nespresso Starbucks Capsule 10แคปซูล/กล่อง พร้อมส่ง☕☕,195,19,จังหวัดปทุมธานี
แคปซูลเปล่า แคปซูลกาแฟ (แพ็ค 20 แคปซูล) พร้อมฝาปิดสำหรับเครื่องชง Nespresso บรรจุได้เองที่บ้านหรือที่ทำงาน,92,0,จังหวัดนนทบุรี
พร้อมส่ง ☕ Nescafe gold de luxe โกลด์ เดอลุค คอฟฟี่ กาแฟสำเร็จรูปชนิดฟรีซดราย 200g.,200,201,จังหวัดกรุงเทพมหานคร
ใหม่ ! พร้อมส่ง  กาแฟแคปซูล Podista Coffee Capsule 5 รส นำเข้าจากออสเตรเลีย สำหรับเครื่อง Nespresso / Xiaomi/ Duchess,258,21,จังหวัดกรุงเทพมหานคร
"ของแท้ 100% 💯พร้อมส่ง กาแฟไอแอม ไอแอมคอฟฟี่ I""M COFFEE กาแฟคุมหิว กาแฟอิ่มนาน 1 ห่อ 25 ซอง",210,370,จังหวัดลำพูน
❤พร้อมส่ง❤แคปซูลกาแฟ เนสเพรสโซ่ Nespresso ของแท้ 💯 PARIS ESPRESSO,278,29,จังหวัดกรุงเทพมหานคร
🔥🔥[ต้องลอง กาแฟพรีเมี่ยม พร้อมส่ง] ☕️👍🏻1910 Coffee Bag gift box Signature Bacha,1487,13,จังหวัดกรุงเทพมหานคร
"เมล็ดกาแฟสตาบัคส์ รสใหม่🎅STARBUCKS HOLIDAY BEANS   🎄 Christmas Blend 🎅🏻 สตาร์บัคส์"" จัดเต็มของขวัญพิเศษใหม่ พร้อมส่ง🎁",450,33,จังหวัดสงขลา
ONCE coffee ESPRESSO สินค้าพร้อมส่ง Nitrogen preservation เอสเพรสโซ่ กาแฟ พร้อมดื่ม ราคาถูก พกพา สะดวก,80,66,จังหวัดกรุงเทพมหานคร
พร้อมส่ง เมล็ดกาแฟดิบ Kenya Nyeri AA washed process / สารเมล็ดกาแฟนอก/เมล็ดกาแฟสาร เคนย่า,445,3,จังหวัดกรุงเทพมหานคร
📌 🚀พร้อมส่ง🚀Nescafe Dolce Gusto Grande Intenso เนสกาแฟ ดอลเช่ กุสโต้ กาแฟแคปซูล แกรนเด อินเทนโซ,269,29,จังหวัดสงขลา
+พร้อมส่ง+กาแฟ HACO SUISS ขนาด 100g,275,376,จังหวัดสงขลา
[ลดเพิ่ม 15% ใส่โค้ด HH6CTY7] Cold Brew Americano กาแฟสกัดเย็นพร้อมดื่ม ขนาด 250 ml. หอม กลมกล่อม ไม่เปรี้ยว!,60,29000,จังหวัดเชียงใหม่
พร้อมส่ง เมล็ดกาแฟ Yirgacheffe Gedeo G1 2021 COE Natural Process/เมล็ดกาแฟนอก/ สารกาแฟเอธิโอเปีย,515,11,จังหวัดกรุงเทพมหานคร
โซยู (SO-U) กาแฟ โกโก้ ชาไทย ( 1 กล่องมี 5 ซอง ) พร้อมส่ง (ราคาต่อกล่อง,105,44,จังหวัดกรุงเทพมหานคร
เปิดตัวเครื่องดื่มพร้อมชง ลดน้ำหนัก 5 รสชาต  !! บาลิเซ่ 1 ห่อ 7 ซอง ราคา 99 บาท  ส่งฟรี!!,99,9,จังหวัดลำพูน
☕ พร้อมส่ง | ถูกสุด | ของแท้ ☕ กาแฟลดน้ำหนัก กาแฟลิโซ่ +พลัส coffee lishou plus《กาแฟพลัส+》 ขนาด 15 ซอง กาแฟลดน้ำหนัก,98,1000,จังหวัดปัตตานี
[ส่งไว] กาแฟสำเร็จรูป​สตาร์บัค​ส์ กาแฟพร้อมชง Starbucks​ Premium​ Instant​ กาแฟดำสตาร์บัคส์ ผงกาแฟสตาร์บัคส์ Arabica100%,359,751,จังหวัดกรุงเทพมหานคร
กาแฟคั่วบด Arabica 100% 1 กิโล ดอยแม่สลอง ☕คั่วใหม่ ไม่สต๊อก สด ใหม่ ทุกวัน✨ [กรอกโค้ด XGC7DGP ลด 60.-],178,484000,จังหวัดเชียงราย
{พร้อมส่งของแท้💯} #กาแฟยอดรัก กาแฟลดน้ำหนักลงไวคุมหิวอิ่มนาน #กาแฟยอดรักของแท้ #กาแฟเพื่อสุขภาพ,240,17000,จังหวัดอุดรธานี
Birdy Robusta Low Sugar 180 ml. x 6 Cans เบอร์ดี้ โรบัสต้า สูตรน้ำตาลน้อย 180 มล. แพค 6 กระป๋อง,90,989,จังหวัดสมุทรปราการ
กาแฟ โตเกียวบริว โคลด์บริว 12 ขวด / Tokyo Brew Signature Cold Brew 12 Bottle,480,323,จังหวัดปทุมธานี
✅ ส่งฟรี ✅ Nine โกโก้ กาแฟ ไนท์  Madam Kate (มาดามเกด) คุมหิว อิ่มนาน ลดน้ำหนัก ดีท็อกซ์ เบิร์นไขมัน อร่อยดื่มง่าย,389,0,จังหวัดสมุทรปราการ
กาแฟ OldTown White coffee และ White Milk Tea  ขนาด 38 กรัม บรรจุ 15 ซอง,150,738,จังหวัดสงขลา
Value Coffee Cold Brew กาแฟพิเศษสกัดเย็น PEABERRY RESERVE และ ORIENTAL SPECIAL Cold Brew ขนาดลิตร 2 รสชาติ,534,5,จังหวัดเชียงใหม่
Blendy Café Black เบลนดี้ คาเฟ่แบล็ค 280 มล. x 6 ขวด,168,1000,จังหวัดสมุทรปราการ
CoffeeMix 26in1 กาแฟบำรุงสุขภาพ อาราบิก้าแท้ ผสมตังถั่งเช่า เห็ดหลินจือ,390,0,จังหวัดกรุงเทพมหานคร
🔥ห่อละ 219 บาท🔥กาแฟเจ ทรีเมจิก รุ่น 50 ซอง,219,22000,จังหวัดอุดรธานี
☕️ Cocoa Nine & Coffee Nine☕️ ผลิตภัณฑ์เสริมอาหาร คอฟฟี่ไนน์ โกโก้ไนน์ กาแฟ & โกโก้ พร้อมดื่ม เครื่องดื่มคุมรูปร่าง,269,9,จังหวัดกรุงเทพมหานคร
ของแท้ so u กาแฟ โกโก้ โซยู คุมหิว อิ่มนาน เร่งเผาผลาญ ตั๊กแตน ชลดา พร้อมส่ง,119,68,จังหวัดราชบุรี
☕☕ Nespresso Starbucks Capsule กาแฟแคปซูล สตาร์บัคส์ (10แคปซูล/กล่อง) พร้อมส่ง!!,195,52,จังหวัดปทุมธานี
พร้อมส่ง เมล็ดกาแฟดิบ Yirgacheffe Worka G1 Anaerobic Natural 144hr process/ เมล็ดกาแฟนอก/ เมล็ดกาแฟสารเอธิโอเปีย,495,21,จังหวัดกรุงเทพมหานคร
🇯🇵พร้อมส่ง🇯🇵 กาแฟ​ UCC THE BLEND​ สูตร​ 114 และ117 ชนิดถุงเติม 180 กรัม,339,15,จังหวัดปทุมธานี
📌 🚀พร้อมส่ง🚀 STARBUCKS BY NESCAFE DOLCE GUSTO แคปซูลกาแฟ CAFFE LATTE 12 แคปซูล 1 กล่อง กาแฟแคปซูล,285,3,จังหวัดสงขลา
กาแฟไอแอมของแท้พร้อมส่ง,199,2,จังหวัดนครราชสีมา
พร้อมส่ง เมล็ดกาแฟดิบ Costa Rica Canet Mozart Musician Series Anaerobic honey process/ เมล็ดกาแฟนักดนตรี,760,42,จังหวัดกรุงเทพมหานคร
ยกลัง24ขวด บอส คอฟฟี่ กาแฟพร้อมดื่ม 230 มล. มี 3 สูตร Boss coffee Suntory Flash brew,510,50,จังหวัดสิงห์บุรี
พร้อมส่ง ☕ NESCAFE PRESIDENT 65 g เนสกาแฟ เพรสซิเด้น คอฟฟี่ กาแฟสำเร็จรูป 65 กรัม กาแฟสำเร็จรูป นำเข้าจากญี่ปุ่น,225,104,จังหวัดกรุงเทพมหานคร
Dark Starbucks​ Premium​ Instant Coffee​ กาแฟสำเร็จรูป​สตาร์บัค​ส์ กาแฟพร้อมชงคั่วกลาง ผงกาแฟสตาร์บัคส์ Arabica100%,359,18,จังหวัดกรุงเทพมหานคร
🍁พร้อมส่ง🍁 แคปซูลกาแฟ เนสเพรสโซ่  Capsules Nespresso ของแท้ 💯Nespresso Capsules : Freddo Intenso,305,80,จังหวัดระยอง
ใหม่ พร้อมส่ง🌟 Vittoria Nespresso Capsules แคปซูลกาแฟ,249,13000,จังหวัดกรุงเทพมหานคร
พร้อมส่ง! (ถุง) G7 กาแฟเวียดนาม G7 coffeemix 3in1 ถุง 22 ซอง 352 กรัม กาแฟสำเร็จรูป จีเซเว่นกาแฟทรีอินวัน,85,709,จังหวัดนครสวรรค์
พร้อมส่ง เมล็ดกาแฟดิบ Panama Black Winey Natural process / เมล็ดกาแฟนอก/ เมล็ดกาแฟสารปานามา,495,11,จังหวัดกรุงเทพมหานคร
กาแฟ AGF MAXIM แบบขวด 80 กรัม พร้อมส่ง 4 สี กาแฟ Maxim Coffee หมดอายุปี 2024,175,79000,จังหวัดสงขลา
พร้อมส่ง🌈กาแฟ​ UCC THE BLEND​ สูตร​ 114 และ117 ชนิดถุงเติม,333,8,จังหวัดปทุมธานี
พร้อมส่งกาแฟ​ Maxim​ BLACK​ IN​ BOX ขนาด20ซอง​ กาแฟนำเข้าจากญี่ปุ่น,189,276,จังหวัดสงขลา
🍁พร้อมส่ง🍁 แคปซูลกาแฟ เนสเพรสโซ่  Capsules Nespresso ของแท้ 💯Nespresso Capsules :World Explorations,285,336,จังหวัดระยอง
โซเล่ Sole Cafe เมล็ดกาแฟ เมล็ดกาแฟคั่ว กาแฟสด 4 รสชาติ 2 ขนาด สินค้าใหม่ สุดคุ้ม พร้อมส่ง,225,586,จังหวัดลำพูน
*พร้อมส่ง*กาแฟสตาร์บัคส์ (Starbucks) แฟรบปูชิโน่ กาแฟพร้อมดื่ม เครื่องดื่มกาแฟบรรจุขวด 281 มล.,189,11,จังหวัดปทุมธานี
🍁พร้อมส่ง🍁 แคปซูลกาแฟ เนสเพรสโซ่  Capsules Nespresso ของแท้ 💯Nespresso Capsules : Napoli,265,39,จังหวัดระยอง
🔥พร้อมส่ง+ส่งฟรี กาแฟพี่ยักษ์ กาแฟพี่ยักษ์พลัส ของแท้ Peyuk Coffee Plus กาแฟสำเร็จรูป 29 in 1 กาแฟเพื่อสุขภาพ แก้ปวดเข่า,490,238,จังหวัดนครราชสีมา
พร้อมส่ง Nescafe Gold กาแฟสำเร็จรูปและกาแฟคั่วบด,269,12000,จังหวัดสงขลา
🍁พร้อมส่ง🍁 แคปซูลกาแฟ เนสเพรสโซ่  Capsules Nespresso ของแท้ 💯Nespresso Capsules : Ethiopia,305,12,จังหวัดระยอง
กาแฟอาราบิก้าคั่วบดพร้อมดื่ม1กล่องบรรจุ10ซอง,250,0,จังหวัดสมุทรปราการ
🇯🇵พร้อมส่ง🇯🇵maxim Luxury Classic Blend กาแฟแม็กซิม สีน้ำเงิน คาดแดง,222,28,จังหวัดปทุมธานี
กาแฟ AGF MAXIM Aroma (สีทอง) 170กรัม ☕️พร้อมส่ง☕️,289,799,จังหวัดปทุมธานี
Colombia - กาแฟแคปซูล สตาร์บัคส์ Nespresso Starbucks Capsule 10แคปซูล/กล่อง พร้อมส่ง☕☕,220,3,จังหวัดปทุมธานี
พร้อมส่ง✔ กาแฟ starbucks พร้อมดื่ม หอมมัน อร่อย พรีเมี่ยมมากๆ พร้อมส่งจ้า 280ml 星巴克 星冰乐咖啡,90,16,จังหวัดสมุทรปราการ
จัดส่งจากกรุงเทพโปรมาแล้ววว ❤️‍🔥 ซื้อ 2 แถม 1❤️‍🔥🌟พร้อมส่ง กาแฟ บอนอโรม่า BON-AROMA (100 กรัม) ทุกๆการสั่งซื้อ2 ชิ้น,194,0,จังหวัดกรุงเทพมหานคร
พร้อมส่ง เมล็ดกาแฟ Brazil Fazenda Rainha Yellow Bourbon Natural Process/เมล็ดกาแฟนอก/ สารกาแฟบราซิล,380,3,จังหวัดกรุงเทพมหานคร
Starbucks Premium Mix Latte Japan🇯🇵สตาร์บัค เครื่องดื่มสำเร็จรูปพร้อมชง สตาร์บัคแท้💯📮,99,13000,จังหวัดสงขลา
[[ 1แพ็ค ]]โกปิโก้ ลัคกี้ เดย์ กาแฟพร้อมดื่ม 180 มล. x 6ขวด,53,285,จังหวัดกระบี่
🚚🚚พร้อมส่งกาแฟนำเข้าจาก🌺🌺ประเทศสวิสเซอร์แลนด์ HACO SUISS,265,132,จังหวัดสงขลา
พร้อมส่ง ☕ กาแฟ Tchibo Gold Selection rich & intense 200 g. เยอรมนี INTENSITY,225,17,จังหวัดกรุงเทพมหานคร
ค่าส่งถูก เนสกาแฟ กาแฟพร้อมดื่ม เอสเปรสโซ โรสต์/ลาเต้ 180 มล. แพ็ค 30 กระป๋อง Nescafe สีเขียว และสีน้ำตาล,375,67,จังหวัดอุตรดิตถ์
🍁พร้อมส่ง🍁 แคปซูลกาแฟ เนสเพรสโซ่ Capsules Nespresso ของแท้ 💯,295,16000,จังหวัดระยอง
(พร้อมส่ง)ถูก/แท้ VIVI กาแฟกระบองเพชรแบรนด์วีวี่ รุ่นใหม่ แพ็กเกจใหม่(1กล่อง/10ซอง),95,66000,จังหวัดกรุงเทพมหานคร
พร้อมส่ง เมล็ดกาแฟดิบ Costa Rica Tarrazu San Ramon Hummingbird washed process/ เมล็ดกาแฟนอก/ เมล็ดกาแฟสารคอสตาริกา,399,3,จังหวัดกรุงเทพมหานคร
(ยกลัง) ยูซีซี โตเกียวคัปป้า แบล็ค สูตรใหม่ กาแฟปรุงสำเร็จพร้อมดื่ม 250 มล. 12 ขวด UCC Tokyo Cuppa Black renewal RTD,420,17,จังหวัดกรุงเทพมหานคร
พร้อมส่ง 10 ซอง!!!!!!!!! Step S เครื่องดื่มแบบชง รสโกโก้ กาแฟ ชาไทย ชานม ชาเขียว นมชมพู,339,5,จังหวัดกรุงเทพมหานคร
พร้อมส่ง ☕ เนสกาแฟ กาแฟ โกลด์ กาแฟสำเร็จรูป ฟรีซดราย🥧สินค้านำเข้า 200 กรัม / Nescafe Gold Coffee Freeze Dry 200 g,200,898,จังหวัดกรุงเทพมหานคร
Medium Starbucks​ Premium​ Instant Coffee ​ กาแฟสำเร็จรูป​สตาร์บัค​ส์ กาแฟพร้อมชงคั่วกลาง ผงกาแฟสตาร์บัคส์ Arabica100%,359,20,จังหวัดกรุงเทพมหานคร
พร้อมส่ง Coca-Cola Georgia Fragrant กาแฟ จอร์เจีย น้ำตาลทรายละเอียด และกาฟดำ 0 แคลอลรี่ 260ml จากญี่ปุ่น,62,201,จังหวัดกรุงเทพมหานคร
(พร้อมส่ง exp 05/2023) Turkish coffee - กาแฟคั่วบดตุรกี 100g,140,90,จังหวัดมหาสารคาม
พร้อมส่ง เมล็ดกาแฟ Sidamo Keramo Ethiopia G1 Natural Process/เมล็ดกาแฟนอก/ สารกาแฟเอธิโอเปีย,415,13,จังหวัดกรุงเทพมหานคร
(พร้อมส่ง)ถูก แท้100% กาแฟฟูโก้ (1ห่อ/20ซอง),99,12000,จังหวัดกรุงเทพมหานคร
Blonde Espresso Roast - กาแฟแคปซูล สตาร์บัคส์ Nespresso Starbucks Capsule 10แคปซูล/กล่อง พร้อมส่ง☕☕,195,19,จังหวัดปทุมธานี
แคปซูลเปล่า แคปซูลกาแฟ (แพ็ค 20 แคปซูล) พร้อมฝาปิดสำหรับเครื่องชง Nespresso บรรจุได้เองที่บ้านหรือที่ทำงาน,92,0,จังหวัดนนทบุรี
[+CODE11.15]📌ส่งฟรี+แถมแก้ว📌เมล็ดกาแฟดอยช้าง คั่วเข้ม/คั่วกลาง/คั่วอ่อน 1 กก.(250ก.×4ถุง) แถมแก้ว Doi Chang Professional,629,67000,จังหวัดกรุงเทพมหานคร
กาแฟทรีเมจิก 5in1ไม่มีน้ำตาล ขนาด 1 ห่อ 50 ซอง (1),219,47000,จังหวัดเชียงราย
"PK French Roast ขนาด 1,000g. เมล็ดกาแฟคั่วเข้มมาก   ”ดอยปางขอน”  คั่วสะใจ + ส่งไว คั่วใหม่ ขายปลีก-ส่ง ราคาชาวไร่",313,52000,จังหวัดเชียงราย
Birdy Black Zero 180 ml. X 6 cans เบอร์ดี้ แบล็ค ซีโร่ 180 มล. แพค 6 กระป๋อง,90,11000,จังหวัดสมุทรปราการ
(ซื้อ2แถมเซ็ททดลอง) 1ถุงมี 25 ซอง โกโก้ คุมหิว โกโก้ ไนน์ กาแฟ ไนน์ Cocoa Nine Nine Coffe ชาเขียว น้ำผัก นมชมพู ชาไทย,68,3000,จังหวัดกรุงเทพมหานคร
กาแฟ OldTown White coffee และ White Milk Tea  ขนาด 38 กรัม บรรจุ 15 ซอง,150,738,จังหวัดสงขลา
Value Coffee Cold Brew กาแฟพิเศษสกัดเย็น PEABERRY RESERVE และ ORIENTAL SPECIAL Cold Brew ขนาดลิตร 2 รสชาติ,534,5,จังหวัดเชียงใหม่
Blendy Café Black เบลนดี้ คาเฟ่แบล็ค 280 มล. x 6 ขวด,168,1000,จังหวัดสมุทรปราการ
CoffeeMix 26in1 กาแฟบำรุงสุขภาพ อาราบิก้าแท้ ผสมตังถั่งเช่า เห็ดหลินจือ,390,0,จังหวัดกรุงเทพมหานคร
🔥ห่อละ 219 บาท🔥กาแฟเจ ทรีเมจิก รุ่น 50 ซอง,219,22000,จังหวัดอุดรธานี
☕️ Cocoa Nine & Coffee Nine☕️ ผลิตภัณฑ์เสริมอาหาร คอฟฟี่ไนน์ โกโก้ไนน์ กาแฟ & โกโก้ พร้อมดื่ม เครื่องดื่มคุมรูปร่าง,269,9,จังหวัดกรุงเทพมหานคร
ของแท้ so u กาแฟ โกโก้ โซยู คุมหิว อิ่มนาน เร่งเผาผลาญ ตั๊กแตน ชลดา พร้อมส่ง,119,68,จังหวัดราชบุรี
☕☕ Nespresso Starbucks Capsule กาแฟแคปซูล สตาร์บัคส์ (10แคปซูล/กล่อง) พร้อมส่ง!!,195,52,จังหวัดปทุมธานี
พร้อมส่ง เมล็ดกาแฟดิบ Yirgacheffe Worka G1 Anaerobic Natural 144hr process/ เมล็ดกาแฟนอก/ เมล็ดกาแฟสารเอธิโอเปีย,495,21,จังหวัดกรุงเทพมหานคร
🇯🇵พร้อมส่ง🇯🇵 กาแฟ​ UCC THE BLEND​ สูตร​ 114 และ117 ชนิดถุงเติม 180 กรัม,339,15,จังหวัดปทุมธานี
📌 🚀พร้อมส่ง🚀 STARBUCKS BY NESCAFE DOLCE GUSTO แคปซูลกาแฟ CAFFE LATTE 12 แคปซูล 1 กล่อง กาแฟแคปซูล,285,3,จังหวัดสงขลา
กาแฟไอแอมของแท้พร้อมส่ง,199,2,จังหวัดนครราชสีมา
พร้อมส่ง เมล็ดกาแฟดิบ Costa Rica Canet Mozart Musician Series Anaerobic honey process/ เมล็ดกาแฟนักดนตรี,760,42,จังหวัดกรุงเทพมหานคร
ยกลัง24ขวด บอส คอฟฟี่ กาแฟพร้อมดื่ม 230 มล. มี 3 สูตร Boss coffee Suntory Flash brew,510,50,จังหวัดสิงห์บุรี
พร้อมส่ง ☕ NESCAFE PRESIDENT 65 g เนสกาแฟ เพรสซิเด้น คอฟฟี่ กาแฟสำเร็จรูป 65 กรัม กาแฟสำเร็จรูป นำเข้าจากญี่ปุ่น,225,104,จังหวัดกรุงเทพมหานคร
Dark Starbucks​ Premium​ Instant Coffee​ กาแฟสำเร็จรูป​สตาร์บัค​ส์ กาแฟพร้อมชงคั่วกลาง ผงกาแฟสตาร์บัคส์ Arabica100%,359,18,จังหวัดกรุงเทพมหานคร
🍁พร้อมส่ง🍁 แคปซูลกาแฟ เนสเพรสโซ่  Capsules Nespresso ของแท้ 💯Nespresso Capsules : Freddo Intenso,305,80,จังหวัดระยอง
ใหม่ พร้อมส่ง🌟 Vittoria Nespresso Capsules แคปซูลกาแฟ,249,13000,จังหวัดกรุงเทพมหานคร
พร้อมส่ง! (ถุง) G7 กาแฟเวียดนาม G7 coffeemix 3in1 ถุง 22 ซอง 352 กรัม กาแฟสำเร็จรูป จีเซเว่นกาแฟทรีอินวัน,85,709,จังหวัดนครสวรรค์
พร้อมส่ง เมล็ดกาแฟดิบ Panama Black Winey Natural process / เมล็ดกาแฟนอก/ เมล็ดกาแฟสารปานามา,495,11,จังหวัดกรุงเทพมหานคร
กาแฟ AGF MAXIM แบบขวด 80 กรัม พร้อมส่ง 4 สี กาแฟ Maxim Coffee หมดอายุปี 2024,175,79000,จังหวัดสงขลา
พร้อมส่ง🌈กาแฟ​ UCC THE BLEND​ สูตร​ 114 และ117 ชนิดถุงเติม,333,8,จังหวัดปทุมธานี
พร้อมส่งกาแฟ​ Maxim​ BLACK​ IN​ BOX ขนาด20ซอง​ กาแฟนำเข้าจากญี่ปุ่น,189,276,จังหวัดสงขลา
🍁พร้อมส่ง🍁 แคปซูลกาแฟ เนสเพรสโซ่  Capsules Nespresso ของแท้ 💯Nespresso Capsules :World Explorations,285,336,จังหวัดระยอง
โซเล่ Sole Cafe เมล็ดกาแฟ เมล็ดกาแฟคั่ว กาแฟสด 4 รสชาติ 2 ขนาด สินค้าใหม่ สุดคุ้ม พร้อมส่ง,225,586,จังหวัดลำพูน
*พร้อมส่ง*กาแฟสตาร์บัคส์ (Starbucks) แฟรบปูชิโน่ กาแฟพร้อมดื่ม เครื่องดื่มกาแฟบรรจุขวด 281 มล.,189,11,จังหวัดปทุมธานี
🍁พร้อมส่ง🍁 แคปซูลกาแฟ เนสเพรสโซ่  Capsules Nespresso ของแท้ 💯Nespresso Capsules : Napoli,265,39,จังหวัดระยอง
🔥พร้อมส่ง+ส่งฟรี กาแฟพี่ยักษ์ กาแฟพี่ยักษ์พลัส ของแท้ Peyuk Coffee Plus กาแฟสำเร็จรูป 29 in 1 กาแฟเพื่อสุขภาพ แก้ปวดเข่า,490,238,จังหวัดนครราชสีมา
พร้อมส่ง Nescafe Gold กาแฟสำเร็จรูปและกาแฟคั่วบด,269,12000,จังหวัดสงขลา
🍁พร้อมส่ง🍁 แคปซูลกาแฟ เนสเพรสโซ่  Capsules Nespresso ของแท้ 💯Nespresso Capsules : Ethiopia,305,12,จังหวัดระยอง
กาแฟอาราบิก้าคั่วบดพร้อมดื่ม1กล่องบรรจุ10ซอง,250,0,จังหวัดสมุทรปราการ
🇯🇵พร้อมส่ง🇯🇵maxim Luxury Classic Blend กาแฟแม็กซิม สีน้ำเงิน คาดแดง,222,28,จังหวัดปทุมธานี
กาแฟ AGF MAXIM Aroma (สีทอง) 170กรัม ☕️พร้อมส่ง☕️,289,799,จังหวัดปทุมธานี
Colombia - กาแฟแคปซูล สตาร์บัคส์ Nespresso Starbucks Capsule 10แคปซูล/กล่อง พร้อมส่ง☕☕,220,3,จังหวัดปทุมธานี
พร้อมส่ง✔ กาแฟ starbucks พร้อมดื่ม หอมมัน อร่อย พรีเมี่ยมมากๆ พร้อมส่งจ้า 280ml 星巴克 星冰乐咖啡,90,16,จังหวัดสมุทรปราการ
จัดส่งจากกรุงเทพโปรมาแล้ววว ❤️‍🔥 ซื้อ 2 แถม 1❤️‍🔥🌟พร้อมส่ง กาแฟ บอนอโรม่า BON-AROMA (100 กรัม) ทุกๆการสั่งซื้อ2 ชิ้น,194,0,จังหวัดกรุงเทพมหานคร
พร้อมส่ง เมล็ดกาแฟ Brazil Fazenda Rainha Yellow Bourbon Natural Process/เมล็ดกาแฟนอก/ สารกาแฟบราซิล,380,3,จังหวัดกรุงเทพมหานคร
Starbucks Premium Mix Latte Japan🇯🇵สตาร์บัค เครื่องดื่มสำเร็จรูปพร้อมชง สตาร์บัคแท้💯📮,99,13000,จังหวัดสงขลา
[[ 1แพ็ค ]]โกปิโก้ ลัคกี้ เดย์ กาแฟพร้อมดื่ม 180 มล. x 6ขวด,53,285,จังหวัดกระบี่
🚚🚚พร้อมส่งกาแฟนำเข้าจาก🌺🌺ประเทศสวิสเซอร์แลนด์ HACO SUISS,265,132,จังหวัดสงขลา
พร้อมส่ง ☕ กาแฟ Tchibo Gold Selection rich & intense 200 g. เยอรมนี INTENSITY,225,17,จังหวัดกรุงเทพมหานคร
ค่าส่งถูก เนสกาแฟ กาแฟพร้อมดื่ม เอสเปรสโซ โรสต์/ลาเต้ 180 มล. แพ็ค 30 กระป๋อง Nescafe สีเขียว และสีน้ำตาล,375,67,จังหวัดอุตรดิตถ์
🍁พร้อมส่ง🍁 แคปซูลกาแฟ เนสเพรสโซ่ Capsules Nespresso ของแท้ 💯,295,16000,จังหวัดระยอง
(พร้อมส่ง)ถูก/แท้ VIVI กาแฟกระบองเพชรแบรนด์วีวี่ รุ่นใหม่ แพ็กเกจใหม่(1กล่อง/10ซอง),95,66000,จังหวัดกรุงเทพมหานคร
พร้อมส่ง เมล็ดกาแฟดิบ Costa Rica Tarrazu San Ramon Hummingbird washed process/ เมล็ดกาแฟนอก/ เมล็ดกาแฟสารคอสตาริกา,399,3,จังหวัดกรุงเทพมหานคร
(ยกลัง) ยูซีซี โตเกียวคัปป้า แบล็ค สูตรใหม่ กาแฟปรุงสำเร็จพร้อมดื่ม 250 มล. 12 ขวด UCC Tokyo Cuppa Black renewal RTD,420,17,จังหวัดกรุงเทพมหานคร
พร้อมส่ง 10 ซอง!!!!!!!!! Step S เครื่องดื่มแบบชง รสโกโก้ กาแฟ ชาไทย ชานม ชาเขียว นมชมพู,339,5,จังหวัดกรุงเทพมหานคร
พร้อมส่ง ☕ เนสกาแฟ กาแฟ โกลด์ กาแฟสำเร็จรูป ฟรีซดราย🥧สินค้านำเข้า 200 กรัม / Nescafe Gold Coffee Freeze Dry 200 g,200,898,จังหวัดกรุงเทพมหานคร
Medium Starbucks​ Premium​ Instant Coffee ​ กาแฟสำเร็จรูป​สตาร์บัค​ส์ กาแฟพร้อมชงคั่วกลาง ผงกาแฟสตาร์บัคส์ Arabica100%,359,20,จังหวัดกรุงเทพมหานคร
พร้อมส่ง Coca-Cola Georgia Fragrant กาแฟ จอร์เจีย น้ำตาลทรายละเอียด และกาฟดำ 0 แคลอลรี่ 260ml จากญี่ปุ่น,62,201,จังหวัดกรุงเทพมหานคร
(พร้อมส่ง exp 05/2023) Turkish coffee - กาแฟคั่วบดตุรกี 100g,140,90,จังหวัดมหาสารคาม
พร้อมส่ง เมล็ดกาแฟ Sidamo Keramo Ethiopia G1 Natural Process/เมล็ดกาแฟนอก/ สารกาแฟเอธิโอเปีย,415,13,จังหวัดกรุงเทพมหานคร
(พร้อมส่ง)ถูก แท้100% กาแฟฟูโก้ (1ห่อ/20ซอง),99,12000,จังหวัดกรุงเทพมหานคร
Blonde Espresso Roast - กาแฟแคปซูล สตาร์บัคส์ Nespresso Starbucks Capsule 10แคปซูล/กล่อง พร้อมส่ง☕☕,195,19,จังหวัดปทุมธานี
แคปซูลเปล่า แคปซูลกาแฟ (แพ็ค 20 แคปซูล) พร้อมฝาปิดสำหรับเครื่องชง Nespresso บรรจุได้เองที่บ้านหรือที่ทำงาน,92,0,จังหวัดนนทบุรี
[+CODE11.15]📌ส่งฟรี+แถมแก้ว📌เมล็ดกาแฟดอยช้าง คั่วเข้ม/คั่วกลาง/คั่วอ่อน 1 กก.(250ก.×4ถุง) แถมแก้ว Doi Chang Professional,629,67000,จังหวัดกรุงเทพมหานคร
กาแฟทรีเมจิก 5in1ไม่มีน้ำตาล ขนาด 1 ห่อ 50 ซอง (1),219,47000,จังหวัดเชียงราย
"PK French Roast ขนาด 1,000g. เมล็ดกาแฟคั่วเข้มมาก   ”ดอยปางขอน”  คั่วสะใจ + ส่งไว คั่วใหม่ ขายปลีก-ส่ง ราคาชาวไร่",313,52000,จังหวัดเชียงราย
Birdy Black Zero 180 ml. X 6 cans เบอร์ดี้ แบล็ค ซีโร่ 180 มล. แพค 6 กระป๋อง,90,11000,จังหวัดสมุทรปราการ
(ซื้อ2แถมเซ็ททดลอง) 1ถุงมี 25 ซอง โกโก้ คุมหิว โกโก้ ไนน์ กาแฟ ไนน์ Cocoa Nine Nine Coffe ชาเขียว น้ำผัก นมชมพู ชาไทย,68,3000,จังหวัดกรุงเทพมหานคร
กาแฟ OldTown White coffee และ White Milk Tea  ขนาด 38 กรัม บรรจุ 15 ซอง,150,738,จังหวัดสงขลา
Value Coffee Cold Brew กาแฟพิเศษสกัดเย็น PEABERRY RESERVE และ ORIENTAL SPECIAL Cold Brew ขนาดลิตร 2 รสชาติ,534,5,จังหวัดเชียงใหม่
Blendy Café Black เบลนดี้ คาเฟ่แบล็ค 280 มล. x 6 ขวด,168,1000,จังหวัดสมุทรปราการ
CoffeeMix 26in1 กาแฟบำรุงสุขภาพ อาราบิก้าแท้ ผสมตังถั่งเช่า เห็ดหลินจือ,390,0,จังหวัดกรุงเทพมหานคร
🔥ห่อละ 219 บาท🔥กาแฟเจ ทรีเมจิก รุ่น 50 ซอง,219,22000,จังหวัดอุดรธานี
☕️ Cocoa Nine & Coffee Nine☕️ ผลิตภัณฑ์เสริมอาหาร คอฟฟี่ไนน์ โกโก้ไนน์ กาแฟ & โกโก้ พร้อมดื่ม เครื่องดื่มคุมรูปร่าง,269,9,จังหวัดกรุงเทพมหานคร
ของแท้ so u กาแฟ โกโก้ โซยู คุมหิว อิ่มนาน เร่งเผาผลาญ ตั๊กแตน ชลดา พร้อมส่ง,119,68,จังหวัดราชบุรี
☕☕ Nespresso Starbucks Capsule กาแฟแคปซูล สตาร์บัคส์ (10แคปซูล/กล่อง) พร้อมส่ง!!,195,52,จังหวัดปทุมธานี
พร้อมส่ง เมล็ดกาแฟดิบ Yirgacheffe Worka G1 Anaerobic Natural 144hr process/ เมล็ดกาแฟนอก/ เมล็ดกาแฟสารเอธิโอเปีย,495,21,จังหวัดกรุงเทพมหานคร
🇯🇵พร้อมส่ง🇯🇵 กาแฟ​ UCC THE BLEND​ สูตร​ 114 และ117 ชนิดถุงเติม 180 กรัม,339,15,จังหวัดปทุมธานี
📌 🚀พร้อมส่ง🚀 STARBUCKS BY NESCAFE DOLCE GUSTO แคปซูลกาแฟ CAFFE LATTE 12 แคปซูล 1 กล่อง กาแฟแคปซูล,285,3,จังหวัดสงขลา
กาแฟไอแอมของแท้พร้อมส่ง,199,2,จังหวัดนครราชสีมา
พร้อมส่ง เมล็ดกาแฟดิบ Costa Rica Canet Mozart Musician Series Anaerobic honey process/ เมล็ดกาแฟนักดนตรี,760,42,จังหวัดกรุงเทพมหานคร
ยกลัง24ขวด บอส คอฟฟี่ กาแฟพร้อมดื่ม 230 มล. มี 3 สูตร Boss coffee Suntory Flash brew,510,50,จังหวัดสิงห์บุรี
พร้อมส่ง ☕ NESCAFE PRESIDENT 65 g เนสกาแฟ เพรสซิเด้น คอฟฟี่ กาแฟสำเร็จรูป 65 กรัม กาแฟสำเร็จรูป นำเข้าจากญี่ปุ่น,225,104,จังหวัดกรุงเทพมหานคร
Dark Starbucks​ Premium​ Instant Coffee​ กาแฟสำเร็จรูป​สตาร์บัค​ส์ กาแฟพร้อมชงคั่วกลาง ผงกาแฟสตาร์บัคส์ Arabica100%,359,18,จังหวัดกรุงเทพมหานคร
🍁พร้อมส่ง🍁 แคปซูลกาแฟ เนสเพรสโซ่  Capsules Nespresso ของแท้ 💯Nespresso Capsules : Freddo Intenso,305,80,จังหวัดระยอง
ใหม่ พร้อมส่ง🌟 Vittoria Nespresso Capsules แคปซูลกาแฟ,249,13000,จังหวัดกรุงเทพมหานคร
พร้อมส่ง! (ถุง) G7 กาแฟเวียดนาม G7 coffeemix 3in1 ถุง 22 ซอง 352 กรัม กาแฟสำเร็จรูป จีเซเว่นกาแฟทรีอินวัน,85,709,จังหวัดนครสวรรค์
พร้อมส่ง เมล็ดกาแฟดิบ Panama Black Winey Natural process / เมล็ดกาแฟนอก/ เมล็ดกาแฟสารปานามา,495,11,จังหวัดกรุงเทพมหานคร
กาแฟ AGF MAXIM แบบขวด 80 กรัม พร้อมส่ง 4 สี กาแฟ Maxim Coffee หมดอายุปี 2024,175,79000,จังหวัดสงขลา
พร้อมส่ง🌈กาแฟ​ UCC THE BLEND​ สูตร​ 114 และ117 ชนิดถุงเติม,333,8,จังหวัดปทุมธานี
พร้อมส่งกาแฟ​ Maxim​ BLACK​ IN​ BOX ขนาด20ซอง​ กาแฟนำเข้าจากญี่ปุ่น,189,276,จังหวัดสงขลา
🍁พร้อมส่ง🍁 แคปซูลกาแฟ เนสเพรสโซ่  Capsules Nespresso ของแท้ 💯Nespresso Capsules :World Explorations,285,336,จังหวัดระยอง
โซเล่ Sole Cafe เมล็ดกาแฟ เมล็ดกาแฟคั่ว กาแฟสด 4 รสชาติ 2 ขนาด สินค้าใหม่ สุดคุ้ม พร้อมส่ง,225,586,จังหวัดลำพูน
*พร้อมส่ง*กาแฟสตาร์บัคส์ (Starbucks) แฟรบปูชิโน่ กาแฟพร้อมดื่ม เครื่องดื่มกาแฟบรรจุขวด 281 มล.,189,11,จังหวัดปทุมธานี
🍁พร้อมส่ง🍁 แคปซูลกาแฟ เนสเพรสโซ่  Capsules Nespresso ของแท้ 💯Nespresso Capsules : Napoli,265,39,จังหวัดระยอง
🔥พร้อมส่ง+ส่งฟรี กาแฟพี่ยักษ์ กาแฟพี่ยักษ์พลัส ของแท้ Peyuk Coffee Plus กาแฟสำเร็จรูป 29 in 1 กาแฟเพื่อสุขภาพ แก้ปวดเข่า,490,238,จังหวัดนครราชสีมา
พร้อมส่ง Nescafe Gold กาแฟสำเร็จรูปและกาแฟคั่วบด,269,12000,จังหวัดสงขลา
🍁พร้อมส่ง🍁 แคปซูลกาแฟ เนสเพรสโซ่  Capsules Nespresso ของแท้ 💯Nespresso Capsules : Ethiopia,305,12,จังหวัดระยอง
กาแฟอาราบิก้าคั่วบดพร้อมดื่ม1กล่องบรรจุ10ซอง,250,0,จังหวัดสมุทรปราการ
🇯🇵พร้อมส่ง🇯🇵maxim Luxury Classic Blend กาแฟแม็กซิม สีน้ำเงิน คาดแดง,222,28,จังหวัดปทุมธานี
กาแฟ AGF MAXIM Aroma (สีทอง) 170กรัม ☕️พร้อมส่ง☕️,289,799,จังหวัดปทุมธานี
Colombia - กาแฟแคปซูล สตาร์บัคส์ Nespresso Starbucks Capsule 10แคปซูล/กล่อง พร้อมส่ง☕☕,220,3,จังหวัดปทุมธานี
พร้อมส่ง✔ กาแฟ starbucks พร้อมดื่ม หอมมัน อร่อย พรีเมี่ยมมากๆ พร้อมส่งจ้า 280ml 星巴克 星冰乐咖啡,90,16,จังหวัดสมุทรปราการ
จัดส่งจากกรุงเทพโปรมาแล้ววว ❤️‍🔥 ซื้อ 2 แถม 1❤️‍🔥🌟พร้อมส่ง กาแฟ บอนอโรม่า BON-AROMA (100 กรัม) ทุกๆการสั่งซื้อ2 ชิ้น,194,0,จังหวัดกรุงเทพมหานคร
พร้อมส่ง เมล็ดกาแฟ Brazil Fazenda Rainha Yellow Bourbon Natural Process/เมล็ดกาแฟนอก/ สารกาแฟบราซิล,380,3,จังหวัดกรุงเทพมหานคร
Starbucks Premium Mix Latte Japan🇯🇵สตาร์บัค เครื่องดื่มสำเร็จรูปพร้อมชง สตาร์บัคแท้💯📮,99,13000,จังหวัดสงขลา
[[ 1แพ็ค ]]โกปิโก้ ลัคกี้ เดย์ กาแฟพร้อมดื่ม 180 มล. x 6ขวด,53,285,จังหวัดกระบี่
🚚🚚พร้อมส่งกาแฟนำเข้าจาก🌺🌺ประเทศสวิสเซอร์แลนด์ HACO SUISS,265,132,จังหวัดสงขลา
พร้อมส่ง ☕ กาแฟ Tchibo Gold Selection rich & intense 200 g. เยอรมนี INTENSITY,225,17,จังหวัดกรุงเทพมหานคร
ค่าส่งถูก เนสกาแฟ กาแฟพร้อมดื่ม เอสเปรสโซ โรสต์/ลาเต้ 180 มล. แพ็ค 30 กระป๋อง Nescafe สีเขียว และสีน้ำตาล,375,67,จังหวัดอุตรดิตถ์
🍁พร้อมส่ง🍁 แคปซูลกาแฟ เนสเพรสโซ่ Capsules Nespresso ของแท้ 💯,295,16000,จังหวัดระยอง
(พร้อมส่ง)ถูก/แท้ VIVI กาแฟกระบองเพชรแบรนด์วีวี่ รุ่นใหม่ แพ็กเกจใหม่(1กล่อง/10ซอง),95,66000,จังหวัดกรุงเทพมหานคร
พร้อมส่ง เมล็ดกาแฟดิบ Costa Rica Tarrazu San Ramon Hummingbird washed process/ เมล็ดกาแฟนอก/ เมล็ดกาแฟสารคอสตาริกา,399,3,จังหวัดกรุงเทพมหานคร
(ยกลัง) ยูซีซี โตเกียวคัปป้า แบล็ค สูตรใหม่ กาแฟปรุงสำเร็จพร้อมดื่ม 250 มล. 12 ขวด UCC Tokyo Cuppa Black renewal RTD,420,17,จังหวัดกรุงเทพมหานคร
พร้อมส่ง 10 ซอง!!!!!!!!! Step S เครื่องดื่มแบบชง รสโกโก้ กาแฟ ชาไทย ชานม ชาเขียว นมชมพู,339,5,จังหวัดกรุงเทพมหานคร
พร้อมส่ง ☕ เนสกาแฟ กาแฟ โกลด์ กาแฟสำเร็จรูป ฟรีซดราย🥧สินค้านำเข้า 200 กรัม / Nescafe Gold Coffee Freeze Dry 200 g,200,898,จังหวัดกรุงเทพมหานคร
Medium Starbucks​ Premium​ Instant Coffee ​ กาแฟสำเร็จรูป​สตาร์บัค​ส์ กาแฟพร้อมชงคั่วกลาง ผงกาแฟสตาร์บัคส์ Arabica100%,359,20,จังหวัดกรุงเทพมหานคร
พร้อมส่ง Coca-Cola Georgia Fragrant กาแฟ จอร์เจีย น้ำตาลทรายละเอียด และกาฟดำ 0 แคลอลรี่ 260ml จากญี่ปุ่น,62,201,จังหวัดกรุงเทพมหานคร
(พร้อมส่ง exp 05/2023) Turkish coffee - กาแฟคั่วบดตุรกี 100g,140,90,จังหวัดมหาสารคาม
พร้อมส่ง เมล็ดกาแฟ Sidamo Keramo Ethiopia G1 Natural Process/เมล็ดกาแฟนอก/ สารกาแฟเอธิโอเปีย,415,13,จังหวัดกรุงเทพมหานคร
(พร้อมส่ง)ถูก แท้100% กาแฟฟูโก้ (1ห่อ/20ซอง),99,12000,จังหวัดกรุงเทพมหานคร
Blonde Espresso Roast - กาแฟแคปซูล สตาร์บัคส์ Nespresso Starbucks Capsule 10แคปซูล/กล่อง พร้อมส่ง☕☕,195,19,จังหวัดปทุมธานี
แคปซูลเปล่า แคปซูลกาแฟ (แพ็ค 20 แคปซูล) พร้อมฝาปิดสำหรับเครื่องชง Nespresso บรรจุได้เองที่บ้านหรือที่ทำงาน,92,0,จังหวัดนนทบุรี
[+CODE11.15]📌ส่งฟรี+แถมแก้ว📌เมล็ดกาแฟดอยช้าง คั่วเข้ม/คั่วกลาง/คั่วอ่อน 1 กก.(250ก.×4ถุง) แถมแก้ว Doi Chang Professional,629,67000,จังหวัดกรุงเทพมหานคร
กาแฟทรีเมจิก 5in1ไม่มีน้ำตาล ขนาด 1 ห่อ 50 ซอง (1),219,47000,จังหวัดเชียงราย
"PK French Roast ขนาด 1,000g. เมล็ดกาแฟคั่วเข้มมาก   ”ดอยปางขอน”  คั่วสะใจ + ส่งไว คั่วใหม่ ขายปลีก-ส่ง ราคาชาวไร่",313,52000,จังหวัดเชียงราย
Birdy Black Zero 180 ml. X 6 cans เบอร์ดี้ แบล็ค ซีโร่ 180 มล. แพค 6 กระป๋อง,90,11000,จังหวัดสมุทรปราการ
(ซื้อ2แถมเซ็ททดลอง) 1ถุงมี 25 ซอง โกโก้ คุมหิว โกโก้ ไนน์ กาแฟ ไนน์ Cocoa Nine Nine Coffe ชาเขียว น้ำผัก นมชมพู ชาไทย,68,3000,จังหวัดกรุงเทพมหานคร
